{
  "calibration_constant": 7.3618206535244015,
  "models": {
    "double": {
      "A": 7.210855065734575,
      "metrics": {
        "mae": 0.34380049933037854,
        "mape_pct": 8.519809586128575,
        "rmse": 0.5049492895339177
      },
      "min_angle_deg": 0.2,
      "min_speed": 0.5,
      "model": "V = A * (tan(|theta|))**p",
      "p": 0.5550452092228748
    },
    "single": {
      "C": 7.3618206535244015,
      "metrics": {
        "mae": 0.3585724859688148,
        "mape_pct": 11.103757830992604,
        "rmse": 0.5218154675775771
      },
      "min_angle_deg": 0.2,
      "min_speed": 0.5,
      "model": "V = C * sqrt(tan(|theta|))"
    }
  },
  "recommended_model": "double"
}