{
  "calibration_constant": 6.2005508510741745,
  "models": {
    "double": {
      "A": 6.118503771242933,
      "metrics": {
        "mae": 0.3513409601920137,
        "mape_pct": 7.334960022539377,
        "rmse": 0.4886963005326257
      },
      "min_angle_deg": 0.2,
      "min_speed": 0.5,
      "model": "V = A * (tan(|theta|))**p",
      "p": 0.5454009233826489
    },
    "single": {
      "C": 6.2005508510741745,
      "metrics": {
        "mae": 0.37377102618880864,
        "mape_pct": 8.09516568461336,
        "rmse": 0.5118671908924318
      },
      "min_angle_deg": 0.2,
      "min_speed": 0.5,
      "model": "V = C * sqrt(tan(|theta|))"
    }
  },
  "recommended_model": "double"
}